title,job_count
"Application Developer",2039
"Software Development Engineer",497
"Data Engineer",340
"Java Full Stack Developer",286
"Java Developer",258
"Application Support Engineer",217
"Senior Software Engineer",212
"Software Development Lead",181
"Business Analyst",174
"Software Engineer",167
"Technical Lead - L1",165
"AI / ML Engineer",153
"Developer - L3",143
"Devops Engineer",130
"Senior Data Engineer",117
"Full Stack Engineer",113
"Data Scientist",109
"Dot Net Developer",89
"Fullstack Developer",87
Analyst,84
