minimumExperience,maximumExperience,avg_min_salary,avg_max_salary,job_count
0,0,129549.72,197457.79,533
0,1,104982.59,159816.6,2699
0,2,116620.56,190823.7,2422
0,3,134783.64,226680.63,2029
0,4,162336.87,281452.7,1036
0,5,317164.3,556658.35,3445
0,6,92844.66,195873.79,103
0,7,85900,168750,40
0,8,0,0,35
0,9,0,0,14
0,10,0,0,17
0,11,0,0,5
0,12,0,0,1
0,13,0,0,11
0,14,0,0,1
0,15,0,0,2
1,1,150000,225000,25
1,2,121619.21,193257.54,1894
1,3,117516.94,195078.23,4014
1,4,109103.97,182850.66,2491
1,5,166673.81,290060.28,2986
1,6,177005.61,343612.65,3746
1,7,3529.41,9411.76,85
1,8,0,18518.52,27
1,9,0,0,28
1,10,0,0,32
1,11,0,0,6
1,12,40000,80000,10
1,13,0,0,2
1,14,0,0,4
1,15,0,0,5
1,16,0,0,1
1,17,0,0,1
2,2,50000,60000,5
2,3,135196.03,200038.88,1209
2,4,125201.13,191230.74,2297
2,5,108242.54,178614.34,3822
2,6,139671.88,239697.56,1597
2,7,177313.42,322817.76,3682
2,8,51.02,102.04,98
2,9,0,0,21
2,10,0,0,33
2,11,0,0,7
2,12,22727.27,72727.27,22
2,13,0,0,4
2,14,0,0,2
2,15,0,0,18
2,16,0,0,3
2,17,0,0,1
2,20,0,0,1
3,3,166666.67,247916.67,12
3,4,142401.57,199681.1,508
3,5,117101.66,177449.32,3305
3,6,111808,182519.29,2151
3,7,118651.04,195214.37,1642
3,8,133797.04,239218.97,5809
3,9,0,0,44
3,10,0,0,46
3,11,0,0,12
3,12,0,0,18
3,13,0,0,14
3,14,0,0,15
3,15,0,0,31
3,17,0,0,1
3,18,0,0,2
3,19,0,0,1
4,4,375000,450000,1
4,5,172197.83,243531.17,369
4,6,160367.33,245696.52,1206
4,7,205493.14,303543.18,1239
4,8,171770.02,287582.78,1661
4,9,213331.72,379542.07,2900
4,10,22641.51,37735.85,53
4,11,0,0,7
4,12,86956.52,191304.35,23
4,13,0,0,17
4,14,0,0,6
4,15,0,0,9
4,17,0,0,3
4,18,0,0,4
4,19,0,0,1
5,5,195454.55,250000,11
5,6,120226.03,168438.36,292
5,7,159539.95,241225.18,1239
5,8,140517.05,215461.94,3284
5,9,221953.13,343762.02,832
5,10,231087.45,382435.72,6495
5,11,0,0,23
5,12,91111.11,182222.22,45
5,13,0,0,5
5,14,0,0,6
5,15,18867.92,56603.77,53
5,16,0,0,1
5,18,0,0,2
5,25,0,0,2
6,6,0,0,8
6,7,175315.32,220675.68,111
6,8,175687.33,257874.66,742
6,9,197092.39,291525.36,552
6,10,297313.7,450227.11,1409
6,11,279778.24,464382.85,2390
6,12,33333.33,43333.33,30
6,13,0,0,11
6,14,0,0,7
6,15,0,0,22
6,16,0,0,2
7,7,533333.33,833333.33,3
7,8,199026.55,257690.27,113
7,9,209716.98,289886.79,265
7,10,219976.69,318962.7,858
7,11,89064.33,132300.19,513
7,12,321674.26,506336.85,2211
7,13,0,0,13
7,14,0,0,4
7,15,0,0,28
7,16,0,0,4
7,17,0,0,15
7,18,0,0,3
7,20,0,0,1
8,8,0,0,2
8,9,178275.86,275172.41,29
8,10,155253.05,213683.22,1067
8,11,192659.57,284468.09,188
8,12,326625.77,471820.04,978
8,13,360058.28,554904.43,2145
8,14,44444.44,77777.78,18
8,15,29411.76,49019.61,51
8,16,0,0,6
8,18,0,0,2
8,19,0,0,1
8,20,0,0,2
8,25,0,0,1
8,27,0,0,1
9,9,0,0,1
9,10,279782.61,326086.96,23
9,11,23809.52,35714.29,42
9,12,240569.62,344430.38,158
9,13,342063.49,500793.65,63
9,14,512975.21,777338.84,605
9,15,0,0,13
9,16,0,0,5
9,17,0,0,3
9,23,0,0,1
10,10,1450000,2031250,8
10,11,1011538.46,1238461.54,13
10,12,348717.53,456753.25,308
10,13,222580.65,334677.42,62
10,14,189569.54,263311.26,302
10,15,322535.78,463338.57,1719
10,16,536920.53,775099.34,151
10,17,609513.89,905729.17,144
10,18,748601.4,1128671.33,143
10,19,492702.7,806486.49,37
10,20,839252.5,1324858.77,701
10,25,0,0,1
11,11,0,0,4
11,12,2272.73,4545.45,22
11,13,83333.33,125000,12
11,14,108695.65,208695.65,23
11,15,344545.45,510000,55
11,16,119607.84,160784.31,51
11,17,166666.67,264285.71,21
11,18,912962.96,1301851.85,27
11,19,250000,550000,2
11,20,204166.67,370833.33,24
11,21,575000,950000,8
12,12,1875000,2000000,2
12,13,555555.56,666666.67,9
12,14,492857.14,623214.29,28
12,15,208819.32,274284.44,559
12,16,291262.14,408252.43,103
12,17,109777.78,158888.89,225
12,18,669066.67,949533.33,150
12,19,916666.67,1271428.57,21
12,20,1019377.99,1524401.91,209
12,21,0,0,5
12,22,766315.79,1163684.21,95
12,25,0,0,1
13,13,0,0,1
13,14,0,0,5
13,15,135714.29,189285.71,28
13,16,266666.67,366666.67,15
13,17,725000,1035000,20
13,18,114912.28,178947.37,114
13,19,363636.36,590909.09,11
13,20,700961.54,1050000,52
13,21,2500000,3625000,2
13,22,562500,921875,16
13,23,471428.57,700000,21
14,14,0,0,1
14,15,0,0,4
14,16,75000,125000,20
14,17,641666.67,741666.67,12
14,18,695833.33,891666.67,24
14,19,56250,78125,32
14,20,518644.07,798305.08,59
14,21,333333.33,583333.33,6
14,22,326470.59,529411.76,17
14,23,1500000,2375000,2
14,24,1035294.12,1575000,34
15,15,0,0,2
15,16,333333.33,500000,9
15,17,350000,400000,10
15,18,486363.64,630519.48,77
15,19,100000,142857.14,14
15,20,139089.05,188520.98,1954
15,21,307692.31,419230.77,13
15,22,1202698.41,1682380.95,63
15,23,1489130.43,2354347.83,23
15,24,1151141.55,1728150.68,219
15,25,0,0,44
16,17,0,0,3
16,18,177777.78,266666.67,9
16,19,0,0,2
16,20,462857.14,625000,28
16,21,0,0,12
16,22,450000,593750,8
16,23,2000000,3000000,1
16,24,7500000,15000000,1
16,25,172413.79,241379.31,29
16,26,285714.29,500000,7
17,18,0,0,3
17,20,1000000,1500000,4
17,21,0,0,1
17,22,0,0,3
17,23,0,0,4
17,24,1500000,1750000,2
17,25,1814285.71,2500000,7
17,26,4500000,5500000,1
17,27,2833333.33,5833333.33,3
18,19,500000,550000,2
18,20,862500,1062500,16
18,22,847058.82,1282352.94,17
18,23,765384.62,938461.54,13
18,24,2086363.64,2459090.91,11
18,25,1636585.37,2298780.49,41
18,26,40000,240000,5
18,27,0,0,3
18,28,1503125,2296875,32
19,20,0,0,2
19,21,0,0,2
19,22,583333.33,933333.33,3
19,24,0,0,3
19,25,2566666.67,3500000,3
19,27,1750000,2750000,2
19,28,0,0,2
19,29,2000000,3500000,1
20,20,600000,900000,2
20,21,0,0,3
20,22,0,0,8
20,23,0,0,2
20,24,0,0,4
20,25,682837.84,872162.16,74
20,26,1200000,1500000,4
20,27,3642857.14,5000000,7
20,28,2187500,3237500,8
20,29,5000000,15000000,2
20,30,1241860.47,2050000,43
21,22,0,0,1
21,25,0,0,1
21,26,8000000,10000000,1
21,27,0,0,3
21,30,2500000,3000000,1
21,31,7566666.67,11733333.33,3
22,23,0,0,1
22,25,0,0,3
22,26,2000000,2500000,1
22,30,10000000,20000000,1
22,31,5333333.33,9333333.33,3
23,24,0,0,1
23,30,0,0,1
24,25,0,0,1
24,26,2750000,3500000,1
24,29,2000000,3250000,1
24,30,0,0,2
25,29,2500000,3750000,1
25,30,2860000,3290000,5
25,31,800000,1125000,4
26,28,3000000,4000000,1
26,31,2250000,3500000,1
27,29,0,0,1
27,30,5000000,5500000,1
27,31,0,0,1
28,31,0,0,2
29,31,180000,300000,1
30,31,225000,275000,4
30,35,0,0,4
