minimumExperience,maximumExperience,job_count
5,10,6495
3,8,5809
1,3,4014
2,5,3822
1,6,3746
2,7,3682
0,5,3445
3,5,3305
5,8,3284
1,5,2986
4,9,2900
0,1,2699
1,4,2491
0,2,2422
6,11,2390
2,4,2297
7,12,2211
3,6,2151
8,13,2145
0,3,2029
15,20,1954
1,2,1894
10,15,1719
4,8,1661
3,7,1642
2,6,1597
6,10,1409
4,7,1239
5,7,1239
2,3,1209
4,6,1206
8,10,1067
0,4,1036
8,12,978
7,10,858
5,9,832
6,8,742
10,20,701
9,14,605
NULL,NULL,573
12,15,559
6,9,552
0,0,533
7,11,513
3,4,508
4,5,369
10,12,308
10,14,302
5,6,292
7,9,265
12,17,225
15,24,219
12,20,209
8,11,188
9,12,158
10,16,151
12,18,150
10,17,144
10,18,143
13,18,114
7,8,113
6,7,111
0,6,103
12,16,103
2,8,98
12,22,95
1,7,85
15,18,77
20,25,74
15,22,63
9,13,63
10,13,62
14,20,59
11,15,55
5,15,53
4,10,53
13,20,52
8,15,51
11,16,51
3,10,46
5,12,45
3,9,44
15,25,44
20,30,43
9,11,42
18,25,41
0,7,40
10,19,37
0,8,35
14,24,34
2,10,33
18,28,32
1,10,32
14,19,32
3,15,31
6,12,30
8,9,29
16,25,29
13,15,28
1,9,28
12,14,28
7,15,28
16,20,28
11,18,27
1,8,27
1,1,25
11,20,24
14,18,24
11,14,23
5,11,23
15,23,23
9,10,23
4,12,23
11,12,22
2,12,22
6,15,22
12,19,21
11,17,21
13,23,21
2,9,21
13,17,20
14,16,20
2,15,18
8,14,18
3,12,18
14,22,17
0,10,17
18,22,17
4,13,17
13,22,16
18,20,16
13,16,15
7,17,15
3,14,15
0,9,14
15,19,14
3,13,14
18,23,13
10,11,13
7,13,13
9,15,13
15,21,13
11,13,12
3,3,12
14,17,12
16,21,12
3,11,12
13,19,11
5,5,11
18,24,11
6,13,11
0,13,11
1,12,10
15,17,10
16,18,9
12,13,9
15,16,9
4,15,9
20,28,8
10,10,8
6,6,8
16,22,8
11,21,8
20,22,8
6,14,7
20,27,7
4,11,7
2,11,7
16,26,7
17,25,7
4,14,6
14,21,6
1,11,6
8,16,6
5,14,6
13,14,5
25,30,5
5,13,5
9,16,5
1,15,5
0,11,5
2,2,5
18,26,5
12,21,5
17,20,4
1,14,4
17,23,4
7,14,4
14,15,4
2,13,4
11,11,4
20,24,4
4,18,4
7,16,4
30,31,4
20,26,4
30,35,4
25,31,4
21,31,3
17,27,3
4,17,3
9,17,3
19,22,3
20,21,3
17,18,3
16,17,3
18,27,3
22,25,3
7,18,3
17,22,3
19,24,3
2,16,3
22,31,3
19,25,3
21,27,3
7,7,3
8,18,2
0,15,2
8,8,2
3,18,2
11,19,2
24,30,2
19,20,2
18,19,2
19,21,2
20,20,2
19,28,2
13,21,2
15,15,2
16,19,2
2,14,2
6,16,2
19,27,2
17,24,2
8,20,2
12,12,2
20,29,2
5,18,2
5,25,2
28,31,2
14,23,2
20,23,2
1,13,2
16,24,1
22,30,1
8,19,1
9,23,1
24,25,1
23,24,1
22,23,1
21,22,1
3,19,1
23,30,1
4,4,1
27,29,1
2,17,1
1,16,1
14,14,1
9,9,1
2,20,1
7,20,1
5,16,1
10,25,1
17,26,1
8,27,1
12,25,1
21,25,1
21,26,1
17,21,1
29,31,1
16,23,1
4,19,1
27,31,1
24,26,1
26,31,1
26,28,1
22,26,1
24,29,1
25,29,1
27,30,1
0,12,1
0,14,1
3,17,1
8,25,1
21,30,1
13,13,1
1,17,1
19,29,1
